{"fl": [0.15687015652656555, 0.7323476076126099, -0.17545895278453827, -0.16318827867507935, 0.3331785500049591, 1.9275208711624146, 0.08815988898277283, 1.2229206562042236, 0.09962841868400574, -0.4816320836544037, -0.5247200131416321, -1.1991479396820068, 0.27026599645614624, -0.3194581866264343, -0.07665441930294037, 0.35952919721603394], "cl": [-0.3095393776893616, -0.9196683764457703, 0.6231450438499451, 0.9016121625900269, 0.6060389280319214, -0.7863841652870178, 0.35577812790870667, 1.346043348312378, 1.3895502090454102, 0.019165584817528725, 0.976616621017456, -1.3652154207229614, 1.3161273002624512, 0.19764532148838043, 0.014983443543314934, 0.5291604995727539]}