{"tpt": [-0.661926805973053, 0.9416550993919373, -0.5808123350143433, 1.3264902830123901, 0.00032155727967619896, -0.7662110328674316, -0.18162600696086884, -0.08019620925188065, 0.5347057580947876, 0.5682521462440491, -0.6429088115692139, 0.8281877636909485, -0.2756653130054474, 0.055718712508678436, -1.1565027236938477, 3.1557211875915527], "tbn": [0.1660660207271576, 0.634528398513794, -0.8009173274040222, 3.458907127380371, 0.3059627413749695, -0.9278083443641663, 0.47532498836517334, -0.10839247703552246, 0.9047123789787292, -0.8070184588432312, -0.5185575485229492, 0.39609405398368835, -1.3691966533660889, -0.962171196937561, 0.8115931749343872, 0.01739525981247425]}