{"fl": [-0.3397684097290039, 0.6402437090873718, -0.561307430267334, 0.3426375985145569, -0.050857774913311005, 2.7931394577026367, 0.1868673712015152, 1.8162415027618408, -0.02400161325931549, 0.07806535065174103, -0.5271798372268677, -0.20259958505630493, 0.6526418924331665, -0.04032508656382561, -0.01206924021244049, 0.38176122307777405], "vn": [0.12352454662322998, 0.8017628192901611, -0.004113777540624142, -0.5502824783325195, 0.2702382802963257, -0.5242740511894226, -0.015574246644973755, -0.2275347113609314, -2.1019318103790283, -1.1183059215545654, -0.4220927357673645, 0.30472826957702637, 2.8846077919006348, -0.4234479069709778, -0.2713264226913452, -0.5077935457229614]}