{"tpt": [-0.41885149478912354, 0.8326419591903687, -0.8765332698822021, 1.2235007286071777, 0.1921844184398651, -0.9654956459999084, 0.24363702535629272, 0.3528491258621216, -0.6400210857391357, -0.0980510339140892, -0.40070271492004395, 1.3890721797943115, 0.46263179183006287, -0.36453360319137573, -1.9104046821594238, 1.859704613685608], "vn": [0.3211614489555359, 0.5013771057128906, 0.17166799306869507, -0.5730203986167908, 0.14918716251850128, -1.0858536958694458, -0.2974969446659088, -0.2045859694480896, -1.3776785135269165, -0.6158514022827148, -0.3282115161418915, 1.4719150066375732, 2.3053767681121826, 0.17182913422584534, -0.6426159143447876, 0.39386746287345886]}