{"tpt": [0.4058472216129303, 0.4991626739501953, -0.37611597776412964, 1.4184224605560303, -0.023711949586868286, -0.8209887742996216, -0.03189869970083237, 0.0064566470682621, 0.8228923082351685, -0.6451144218444824, -0.5757033228874207, 0.7918230295181274, 0.19312238693237305, 0.006876848638057709, -2.9579849243164062, 2.089064359664917], "sax": [-0.41145607829093933, -1.1828057765960693, -0.4882555603981018, 1.9416745901107788, -0.23121631145477295, -0.12302259355783463, 0.20022831857204437, -0.24144014716148376, 2.0630736351013184, 0.9601105451583862, -0.04449590668082237, 0.5438786745071411, 0.09067478775978088, -0.16334575414657593, -2.0332019329071045, -0.18091990053653717]}