{"ob": [0.7883278131484985, -0.5745149254798889, 0.9791642427444458, 0.0195116326212883, -0.13719911873340607, -1.0505192279815674, -0.5095136761665344, 1.494480848312378, -0.8162334561347961, -0.2557064890861511, 0.5132051110267639, 2.8117775917053223, 0.13921703398227692, 0.39559096097946167, 0.2246052473783493, 1.4465903043746948], "vc": [0.4796733856201172, -0.20840907096862793, 0.13667255640029907, -0.7270203828811646, 0.2239171862602234, -1.0854835510253906, -0.41833722591400146, -2.9827492237091064, 0.11881925165653229, -0.5479645729064941, -0.32272350788116455, 0.06432393938302994, -1.4336845874786377, 0.21055324375629425, 0.7975612282752991, -0.053325869143009186]}