{"fl": [0.3165053129196167, 0.3386704623699188, -0.17685693502426147, 0.28452879190444946, 0.12369745969772339, 1.6729888916015625, 0.26913008093833923, 1.6522119045257568, 0.631201982498169, 0.04029729962348938, -0.05386535823345184, -1.2838919162750244, 0.031449511647224426, -0.056350938975811005, -0.035195037722587585, 0.217177152633667], "cl": [-0.22057616710662842, -0.8867608308792114, 0.5291603803634644, 0.7382993698120117, 0.11714352667331696, -0.32864123582839966, -0.0627763569355011, 0.7755909562110901, 1.343285322189331, -0.4352155923843384, 0.6857686042785645, -1.3044896125793457, 0.5481668710708618, -0.1691773235797882, 0.5489237308502197, 0.7622588872909546]}