{"tpt": [0.1995801478624344, 0.339871346950531, -0.8526526093482971, 1.2264842987060547, 0.020488213747739792, -0.9415462017059326, -0.15817472338676453, 0.5064521431922913, 0.7365731000900269, 0.28903570771217346, -0.7408993244171143, 0.752308189868927, -0.5606694221496582, -0.1407390534877777, -1.3390001058578491, 3.303947925567627], "tbn": [-0.30590277910232544, 1.712109088897705, -0.6492080688476562, 3.5177714824676514, 0.12233708798885345, -0.7687119245529175, 0.23125268518924713, 0.09257137030363083, 0.5289004445075989, -0.3514571189880371, -0.6726648211479187, 1.0435335636138916, -1.6856614351272583, -0.5937077403068542, 0.9804773926734924, -0.1872418373823166]}