{"tpt": [0.21238026022911072, -0.0063983481377363205, -0.6278041005134583, 1.0525717735290527, -0.25789308547973633, -1.054107666015625, 0.18124035000801086, 1.0030566453933716, 0.42750757932662964, 0.39618176221847534, -1.0378444194793701, 0.38043543696403503, -0.31815221905708313, 0.392029732465744, -1.3915600776672363, 2.7859017848968506], "sax": [0.003061525523662567, -0.8240675330162048, -0.34378179907798767, 2.318533420562744, 0.7297641634941101, -0.15616732835769653, -0.15286746621131897, 0.16038042306900024, 1.9528985023498535, 0.6306076049804688, 0.019765779376029968, 0.049960553646087646, -0.04276552051305771, 0.16214454174041748, -1.469475507736206, 0.09598885476589203]}