{"vn": [0.39009252190589905, 0.6110544800758362, -0.04145883023738861, -1.3616212606430054, 0.2152799814939499, -0.8868334889411926, -0.07584822177886963, 0.5780367255210876, -0.637322723865509, -0.49444109201431274, -0.5572589039802551, 0.7799891829490662, 2.5618691444396973, -0.11965085566043854, 0.31547483801841736, -0.27427271008491516], "fl": [-0.25982746481895447, 0.7968109846115112, -0.4337792992591858, -0.014568701386451721, 0.7732992768287659, 2.3565292358398438, 0.14618416130542755, 1.6047593355178833, 0.5684511661529541, -0.43790048360824585, -0.16846105456352234, -0.2980729937553406, 0.1086454838514328, -0.2732572555541992, -0.007653249427676201, 0.1869044005870819], "cl": [-0.60929274559021, -0.9252002239227295, 0.8024584054946899, 0.01641833782196045, -0.0534159392118454, -0.741886556148529, 0.3249891400337219, -0.1644068956375122, 1.3964489698410034, -0.4643068015575409, 0.9395484328269958, -1.3885457515716553, 0.8752293586730957, -0.17972508072853088, 0.2461579144001007, 1.0903432369232178]}