{"vn": [0.8766792416572571, 0.8795976638793945, -0.07455374300479889, -1.4119439125061035, -0.057225752621889114, -1.1109235286712646, -0.26199257373809814, 0.4563378691673279, -1.194928765296936, -0.3391003906726837, -0.8669281005859375, 0.4992842674255371, 1.938865303993225, -0.2553231120109558, -0.17371931672096252, 0.12314603477716446], "fl": [-0.5588980913162231, 1.1321755647659302, -0.5420799851417542, 0.04686933755874634, 0.4024500548839569, 2.460432291030884, 0.1304377168416977, 1.586012363433838, 0.6541215181350708, -0.347128301858902, -0.7449623346328735, -0.44138962030410767, 0.016302216798067093, -0.06913098692893982, 0.004571296274662018, 0.9057134985923767], "tpt": [-0.005410395562648773, 0.7832316160202026, -0.8411378264427185, 0.5271400809288025, 0.6934984922409058, -0.8337382078170776, 0.31007564067840576, 0.47709715366363525, 0.8922547698020935, -0.09299378097057343, -0.1553741991519928, 0.3783353567123413, -0.37684696912765503, -0.491166353225708, -0.4167720079421997, 2.7204856872558594]}