{"cl": [-0.7735922932624817, -0.41587942838668823, 0.33591723442077637, -0.1378280520439148, 0.445758581161499, -1.26008141040802, 0.5512261390686035, -0.4088934659957886, 1.2648255825042725, -0.741000771522522, 0.5663454532623291, -0.9346655011177063, 1.0425313711166382, -0.5811803340911865, 0.2551180124282837, 0.8212406635284424], "vn": [-0.23346133530139923, 1.2552717924118042, 0.5998337268829346, -0.863743007183075, 0.5367786884307861, -0.9479529857635498, 0.4722558557987213, -0.32252082228660583, -0.12868651747703552, -0.9877439737319946, -0.07901351153850555, 0.25129973888397217, 1.7714571952819824, -0.060316260904073715, -0.33467191457748413, -0.1415364146232605], "vc": [-0.040577322244644165, -1.143425703048706, -0.1326998919248581, -1.1554710865020752, 0.5037209391593933, -0.7369606494903564, -0.36739370226860046, -1.8606255054473877, 0.8550857901573181, -0.4991097152233124, -0.3043619990348816, -0.04774494841694832, -1.0607129335403442, -0.04217524081468582, 0.3510951101779938, -0.5984137654304504]}