{"tpt": [-0.2627580761909485, 0.291928231716156, -0.9128506183624268, 0.2056630253791809, 0.2552957236766815, -1.090859293937683, -0.01962752640247345, -0.18102023005485535, 0.2872629761695862, -0.8669666051864624, -0.7687945365905762, 0.6406187415122986, 0.8109132051467896, -0.8907168507575989, -0.2900699973106384, 2.191645622253418], "vn": [-0.1664012372493744, 1.3562378883361816, 0.2949640452861786, -0.3168766498565674, -0.014802725985646248, -1.1157174110412598, -0.1402226984500885, -0.4543279707431793, -0.5960860848426819, -0.49961987137794495, -0.17445051670074463, 0.46959489583969116, 2.439709424972534, 0.00883994996547699, -0.37032490968704224, 0.27966630458831787], "vc": [0.11070781201124191, -0.9637105464935303, 0.18776404857635498, -0.778870165348053, 0.9085670709609985, -0.878393292427063, -0.014289818704128265, -2.3104255199432373, 0.6049355268478394, -1.2595258951187134, -0.3096393048763275, 0.09779632091522217, -1.5135860443115234, -0.1520351618528366, -0.05481962859630585, -0.1459008753299713]}