{"cl": [-0.3742270767688751, -1.1986002922058105, 0.3378879427909851, 1.5675334930419922, -0.04112935811281204, -2.028437852859497, 0.22561347484588623, -0.30072468519210815, 1.5436618328094482, 0.0027814432978630066, 0.07657016068696976, -1.257601022720337, 1.6298846006393433, -0.08652675151824951, -0.4556235671043396, 1.2503976821899414], "tbn": [-0.19784994423389435, 1.3913617134094238, -0.5085759162902832, 2.693721055984497, 0.3835868239402771, -1.2226005792617798, 0.39389917254447937, -1.0682090520858765, -0.036267172545194626, -1.144461989402771, -0.7293887138366699, 0.47068536281585693, -1.3482532501220703, -0.8256532549858093, 0.7802793979644775, -0.44770944118499756], "tba": [-0.6844760179519653, -0.10738182067871094, -0.39256152510643005, 0.04369936138391495, -0.0907721221446991, 1.1941334009170532, 0.20703132450580597, -2.5596132278442383, -0.9004912376403809, -0.17450940608978271, -0.37933599948883057, -0.30934977531433105, -3.0896456241607666, -0.8950371742248535, 2.5071682929992676, -0.6853592395782471]}