{"sax": [-0.12095025926828384, -0.7050178050994873, -0.5037848949432373, 1.9230139255523682, 0.7024215459823608, -1.0777326822280884, -0.005851985886693001, 0.47805145382881165, 1.12760591506958, 0.37664520740509033, -0.28903770446777344, 1.5159204006195068, 0.34629353880882263, -0.3670051693916321, -0.943747878074646, -0.0037627965211868286], "tbn": [-0.7053012847900391, 1.0142772197723389, -0.3586690425872803, 2.794715404510498, -0.01102330069988966, -1.3954625129699707, 0.6877263784408569, -0.6399179697036743, 0.3256378173828125, -1.0000193119049072, -0.4990551173686981, -0.040635641664266586, -1.0981907844543457, -1.0223937034606934, 1.0047428607940674, -1.1687495708465576], "tba": [-0.8855665922164917, -0.2899368107318878, -0.5288548469543457, 0.4379936754703522, -0.21061556041240692, 0.9803308248519897, 0.3911009430885315, -2.240305185317993, -0.233062744140625, 0.3345019519329071, -0.23968571424484253, -1.0930911302566528, -2.4455738067626953, -1.0526812076568604, 2.4296507835388184, -1.7609562873840332]}