{"cl": [-0.4480643570423126, -1.4107699394226074, 0.655021071434021, 1.2631261348724365, -0.7151191234588623, -1.7741320133209229, 0.3473338782787323, -0.0015086643397808075, 2.1092283725738525, -0.513375997543335, 0.13350549340248108, -1.6123557090759277, 1.6915596723556519, 0.12376496940851212, -0.014614885672926903, 0.13234670460224152], "sax": [-0.3112671375274658, -1.2678923606872559, 0.265816867351532, 1.5754295587539673, 0.32192298769950867, -0.8393445014953613, 0.28946906328201294, -0.2573266625404358, 2.7588889598846436, 0.1517641842365265, -0.18401311337947845, -0.16730353236198425, 0.9126787185668945, -0.6942721605300903, -1.0855133533477783, -0.9172771573066711], "tba": [-0.9504443407058716, -1.2313029766082764, -0.17977812886238098, -0.4063897728919983, -0.7828540205955505, 1.328812837600708, 0.4908750057220459, -3.147343397140503, 0.9272438287734985, -0.009207099676132202, -0.024998195469379425, -0.5811598896980286, -2.148038864135742, -1.0727463960647583, 1.9903039932250977, -0.43841269612312317]}