{"vn": [-0.04050596058368683, 0.9969740509986877, 0.7077673673629761, -1.772575855255127, 0.5090241432189941, -1.566527247428894, 0.07256343960762024, 0.015456218272447586, -0.3208081126213074, -0.8407515287399292, -0.3256233334541321, 1.530078411102295, 2.5899105072021484, -0.3268662393093109, -0.25773829221725464, -0.8399035930633545], "va": [-1.0078120231628418, 0.7605248689651489, 0.3166400194168091, -2.736961841583252, 0.5502058267593384, -1.394657850265503, 0.39906615018844604, -0.0012012943625450134, 0.7011851072311401, -1.9723906517028809, 0.3866402506828308, 1.459282636642456, 0.9191969037055969, 0.18950650095939636, -0.16200333833694458, -0.9717026352882385], "vc": [0.3036019802093506, -0.38115745782852173, 0.2209026962518692, -1.662955641746521, 0.8140499591827393, -0.5680195689201355, -0.11486789584159851, -2.6790108680725098, 0.1489846408367157, -1.6230475902557373, -0.11214479804039001, -0.6307575702667236, -1.0947628021240234, -0.4105839729309082, -0.07120168209075928, -0.37557822465896606]}