{"vn": [-0.36398112773895264, 0.6034157276153564, 0.413493275642395, -1.0602610111236572, 0.5411681532859802, -0.9131264686584473, -0.35898035764694214, -0.02075682021677494, -0.002230525016784668, -0.5596374273300171, -0.306122750043869, 0.9716591835021973, 2.2714853286743164, -0.5126470327377319, -0.8240686655044556, -0.8567814826965332], "va": [-1.2603014707565308, 0.44967833161354065, 0.03921830281615257, -2.330071210861206, 1.0933408737182617, -0.6585938930511475, 0.016647517681121826, -0.1266578733921051, 0.918663501739502, -1.0983400344848633, 0.20489829778671265, 1.000182032585144, 0.6215978860855103, -0.21133720874786377, -0.5815317630767822, -1.1063728332519531], "sax": [-0.13820239901542664, 0.4944024980068207, 0.04606172442436218, -0.6301051378250122, 0.2504076659679413, -0.5583105683326721, 0.36554843187332153, -0.16477683186531067, 1.1892650127410889, -0.38112443685531616, -0.17122912406921387, 0.724577009677887, 1.2235901355743408, 0.4986560344696045, -1.623185396194458, -1.4043540954589844]}