{"fl": [0.6460997462272644, 0.364676833152771, -0.2979567348957062, 0.073673315346241, -0.09644979238510132, 1.5405992269515991, -0.24105963110923767, 1.0637853145599365, 0.24751456081867218, -0.7862194776535034, -0.5702957510948181, 0.07570036500692368, 0.09289158880710602, 0.056559719145298004, -0.09068868309259415, 0.7031797170639038], "ob": [0.6171821355819702, -0.24769799411296844, 0.003993883728981018, 0.4090755879878998, 0.2667638063430786, -0.34123528003692627, -0.012948035262525082, 1.2215209007263184, 0.1252785176038742, -0.24425062537193298, -0.03552541136741638, 1.8737382888793945, 0.020078957080841064, 0.49811744689941406, 0.002497255802154541, 0.9983696341514587], "cl": [-0.11717112362384796, -0.21150824427604675, 0.3845676779747009, 0.6295812726020813, 0.7761930227279663, -0.5259982347488403, 0.12068881839513779, 0.2615797817707062, 1.1728200912475586, -0.664958655834198, 0.5884953141212463, 0.0800018310546875, 0.8440151810646057, -0.4081173539161682, 0.44212543964385986, 1.2489607334136963], "bn": [-0.10788075625896454, 0.7815115451812744, 0.026654444634914398, 0.747218132019043, -0.3861653208732605, 0.28638309240341187, -0.24772368371486664, -0.3834170401096344, 1.5692801475524902, 0.2548501491546631, -0.1801518201828003, 1.3233823776245117, 0.06056244298815727, -0.202935129404068, 1.510036587715149, 0.7244089841842651]}