{"fl": [0.07846122980117798, 0.31271466612815857, 0.4313179552555084, 0.5050749778747559, 0.08962977677583694, 1.9343146085739136, -0.1786184161901474, 1.549957275390625, 0.10932695120573044, -0.32350635528564453, -0.38056325912475586, -0.21061038970947266, -0.009090743958950043, 0.09703332930803299, -0.18420100212097168, 0.37473809719085693], "ob": [0.6426037549972534, -0.9507541656494141, 0.678922712802887, 0.7276313304901123, 0.05788359045982361, -0.20811080932617188, 0.08182044327259064, 2.0334651470184326, -0.099983811378479, 0.37202775478363037, 1.0213829278945923, 1.6615095138549805, 0.2714877426624298, 0.3674967288970947, -0.187081977725029, 0.9858048558235168], "cl": [-0.07202928513288498, -0.9205071926116943, 0.418218195438385, 1.06487238407135, -0.3841041028499603, -0.626018226146698, 0.1352381855249405, 0.4589238166809082, 1.039495587348938, 0.22810816764831543, 1.0895018577575684, -0.5853477716445923, 0.6318947672843933, -0.17397022247314453, 0.3863329589366913, 0.7272218465805054]}