{"fl": [0.6400402188301086, 0.10331778228282928, -0.03543781116604805, 0.41141921281814575, -0.143014058470726, 1.7406667470932007, -0.12472374737262726, 1.356349229812622, 0.06554733216762543, -0.35202735662460327, -0.28791165351867676, -0.21257932484149933, 0.06893075257539749, 0.0244528129696846, 0.14381751418113708, 0.39377522468566895], "ob": [0.5410025715827942, -1.0539097785949707, 0.7707046270370483, 0.8496242761611938, 0.40361109375953674, -0.3178436756134033, -0.1279158592224121, 1.821190595626831, 0.1389438360929489, 0.09816134721040726, 0.7606613636016846, 1.5017855167388916, 0.09362500160932541, 0.2777988612651825, -0.29081034660339355, 1.0314836502075195], "sax": [0.064456507563591, -0.6624706983566284, -0.00941789336502552, 1.1420197486877441, -0.10504081845283508, -0.16723406314849854, -0.08147066831588745, 0.5796376466751099, 1.1170086860656738, 0.5601637959480286, 0.3090624511241913, 0.49785035848617554, 0.13507714867591858, 0.1271096169948578, -0.5020769238471985, -0.20350073277950287]}