{"vn": [0.06337284296751022, 0.7086509466171265, 0.4405503273010254, -1.750605821609497, -0.10118689388036728, -0.8183863162994385, -0.23285065591335297, -0.12974116206169128, -0.21150141954421997, -0.8710318803787231, -0.14388273656368256, 0.9333163499832153, 1.6131623983383179, -0.32339781522750854, -0.01932608336210251, -0.6519320011138916], "va": [-0.22875016927719116, 0.586901068687439, 0.1182112768292427, -2.2157654762268066, 0.5125820636749268, -0.7608615756034851, 0.36078277230262756, -0.2490595281124115, 0.7746034264564514, -1.1482410430908203, 0.24540358781814575, 0.9759063720703125, 0.4056074023246765, -0.17013996839523315, -0.1218181774020195, -0.7371350526809692], "vc": [0.12768492102622986, -0.3884217143058777, 0.5015128254890442, -1.8557865619659424, 0.749711275100708, -0.9818986058235168, 0.14119255542755127, -1.877549409866333, 0.1787707656621933, -1.019256830215454, -0.2894513010978699, 0.4236515164375305, -0.42667287588119507, -0.28521114587783813, -0.07980941236019135, -0.4115036129951477]}