{"tpt": [-0.12783260643482208, 0.08059624582529068, -0.6529340744018555, 0.7315160036087036, -0.1393423080444336, 0.046758368611335754, -0.026219580322504044, 0.5522521138191223, 0.4488006830215454, 0.3247908055782318, -0.514497697353363, 1.9099169969558716, 0.36767593026161194, -0.2653781473636627, -0.3916552662849426, 3.1641764640808105], "hn": [0.01307668350636959, -0.11890100687742233, -0.17678293585777283, 2.2033097743988037, 0.26456397771835327, 1.1878600120544434, 0.36134833097457886, -1.3408938646316528, 3.359790325164795, -0.9702440500259399, -0.1631128489971161, 0.7220048904418945, 0.6774601936340332, -0.8075382709503174, 0.2979651093482971, -0.37372809648513794], "tbn": [-0.9437750577926636, 1.8300621509552002, -0.33320868015289307, 3.6804189682006836, 0.17996898293495178, -0.6934711933135986, 0.7604339122772217, -0.6927769780158997, 1.0933494567871094, -1.5411792993545532, -0.7724424600601196, 0.6964244842529297, -0.8265368938446045, -0.7272584438323975, 0.8177400827407837, -0.28183913230895996]}