{"tpt": [0.05315275117754936, 0.3154034912586212, -0.4661760926246643, 1.0575263500213623, -0.019595114514231682, -0.32492637634277344, -0.5233949422836304, 0.11791694164276123, 0.5061456561088562, -0.10908212512731552, -1.055223822593689, 0.6096630096435547, 0.019109133630990982, -0.5933834314346313, -0.6648117303848267, 2.1495790481567383], "hn": [-0.23249733448028564, 0.7802100777626038, -0.406918466091156, 1.8031504154205322, 0.20351769030094147, 0.5765196681022644, 0.22504320740699768, -1.3411483764648438, 1.766087532043457, -0.6638866066932678, -0.4387175142765045, 0.5693515539169312, 0.12369956076145172, -0.9807508587837219, 0.4033282399177551, 0.5601785182952881], "tbn": [-0.3592757284641266, 0.805892825126648, -0.773189902305603, 2.4452743530273438, -0.02743418514728546, -0.3556838631629944, 0.8316372632980347, -0.7648263573646545, 1.2252311706542969, -0.668041467666626, -0.4865795969963074, 0.8354610204696655, -0.8301345109939575, -0.37212952971458435, 0.9560955762863159, 0.5985075235366821]}