{"vn": [-0.5591055750846863, 1.3173542022705078, 0.4968235492706299, -1.3469960689544678, 0.22385959327220917, -0.7750614881515503, -0.28455275297164917, 0.11288420855998993, -0.022724926471710205, -1.0865533351898193, -0.2263498604297638, 1.2100645303726196, 2.504918098449707, 0.0023980438709259033, -0.0813545435667038, -0.7036383152008057], "va": [-0.1575375199317932, 0.7561883926391602, -0.06572070717811584, -2.695180654525757, 0.8969470262527466, -0.9770686030387878, 0.8199653029441833, 0.015373017638921738, 1.1743018627166748, -1.6948189735412598, 0.11746402084827423, 1.4511662721633911, 0.6943256855010986, -0.8529589176177979, 0.023976974189281464, -0.9108562469482422], "db": [-0.044153228402137756, -0.6358141303062439, 0.3487551212310791, -1.7767066955566406, 0.6051187515258789, -0.7079486846923828, 0.4699791669845581, -2.140995502471924, -0.17465254664421082, -0.875413715839386, -0.27824854850769043, -0.13968400657176971, -1.7610619068145752, -0.41562962532043457, 1.1388640403747559, 0.18089339137077332]}