{"vn": [0.06230466067790985, 1.2098932266235352, 0.43387356400489807, -1.3147720098495483, 0.3582890033721924, -0.7812288403511047, -0.4263373911380768, 0.3610048294067383, -0.25747689604759216, -1.0352187156677246, -0.47651317715644836, 1.54935884475708, 2.453335762023926, 0.2340538650751114, 0.02596331760287285, -0.40971121191978455], "va": [-0.49859485030174255, 0.8849068880081177, 0.20073151588439941, -2.4388763904571533, 0.5718765258789062, -0.736224889755249, 0.3888261318206787, 0.021639350801706314, 1.0962457656860352, -1.573122262954712, 0.3619738221168518, 1.5997709035873413, 0.3301856219768524, -0.9085880517959595, 0.034411411732435226, -0.7900476455688477], "vc": [0.49763548374176025, -0.5344598293304443, 0.04208125174045563, -1.707410454750061, 0.4384725093841553, -1.3402422666549683, 0.28148186206817627, -1.946723222732544, 0.2114792764186859, -0.8975911736488342, -0.3079652190208435, -0.8511348962783813, -1.8859035968780518, -0.25465595722198486, 1.160799503326416, -0.5064544677734375]}