{"fl": [0.31722313165664673, 0.30452829599380493, 0.34945356845855713, -0.3672318458557129, -0.5713774561882019, 1.379192590713501, -0.1593920737504959, 1.6908745765686035, 0.3463660776615143, -0.5619999170303345, -0.7401126623153687, -0.21045002341270447, 0.5720176100730896, 0.06257456541061401, 0.22479718923568726, -0.02193230390548706], "vn": [0.3642934560775757, 0.4663902819156647, -0.0975593626499176, -0.9835504293441772, 0.21681126952171326, -0.5671319365501404, -0.6316878795623779, 0.8437312245368958, 0.07415575534105301, -0.48522958159446716, -0.10042807459831238, 0.652434229850769, 1.824770450592041, -0.04279213398694992, 0.4830288290977478, -0.2524183690547943], "va": [-0.10470770299434662, 0.5874927043914795, 0.07389260828495026, -1.502151370048523, 0.4814114570617676, -0.5442033410072327, 0.043131470680236816, 0.6839237213134766, 1.5583484172821045, -0.8911274671554565, 0.4858492612838745, 0.5956100821495056, 0.16152188181877136, -0.3231717348098755, 0.4932311475276947, -0.459179550409317], "cl": [-0.82120281457901, -0.20810265839099884, 0.6289119720458984, -0.4595828354358673, 0.7065668702125549, -0.6628244519233704, 0.7981382608413696, 0.6216791868209839, 1.5257028341293335, -0.6332294940948486, 0.5871907472610474, -0.48937422037124634, 0.6293776035308838, -0.40171247720718384, 0.7492209672927856, 0.1869170069694519]}