{"fl": [0.3462783694267273, 1.1177616119384766, -0.4187431335449219, 0.28236597776412964, -0.09725887328386307, 2.8752589225769043, 0.027278592810034752, 2.0777456760406494, -0.11455252021551132, -0.09471063315868378, -0.13158851861953735, -0.8287543058395386, -0.1532294750213623, -0.2446916252374649, -0.2184615582227707, 0.9058545827865601], "ob": [0.7918058633804321, -0.8844192028045654, 1.147749662399292, 0.4427552819252014, 0.04485602304339409, -0.25005948543548584, -0.27085044980049133, 1.9015264511108398, -0.05297012999653816, -0.36167529225349426, 0.8303245306015015, 2.3199081420898438, 0.10579472780227661, 0.02500171959400177, 0.6609621047973633, 1.1453754901885986], "cl": [-0.17409640550613403, -1.5334372520446777, 0.5243377089500427, 1.3351415395736694, 0.22588768601417542, -1.0391103029251099, 0.09253115952014923, -0.17432643473148346, 1.915644884109497, -0.32362380623817444, 0.6727434992790222, -0.9879570007324219, 1.153001070022583, -0.23577748239040375, -0.10972556471824646, 0.1737053543329239], "bn": [-0.6817987561225891, 1.6570523977279663, -0.36648064851760864, 0.7499576210975647, -0.18453523516654968, -0.23038937151432037, 0.5060807466506958, -1.7359106540679932, 1.7586420774459839, 0.03607592359185219, -0.5929858088493347, 2.0486416816711426, 0.21872124075889587, 0.10629399120807648, 2.1856653690338135, 0.5488792657852173]}