{"fl": [0.18371251225471497, 1.0064847469329834, -0.280513197183609, 0.16447876393795013, -0.13253070414066315, 2.8126749992370605, 0.03680761530995369, 1.8914521932601929, -0.20895686745643616, -0.09769831597805023, -0.08634483814239502, -0.9087185859680176, 0.009218767285346985, -0.21556338667869568, -0.02266862988471985, 0.6908352971076965], "ob": [0.7559851408004761, -0.8484188318252563, 1.1093924045562744, 0.5234881043434143, 0.06749413907527924, -0.45317983627319336, -0.1959393322467804, 1.7014164924621582, -0.05661115050315857, -0.4590953588485718, 0.8287148475646973, 2.525989055633545, 0.18308553099632263, -0.12006956338882446, 0.7196201682090759, 1.129589557647705], "sax": [-0.0734294056892395, -1.3132781982421875, 0.020976269617676735, 1.7272696495056152, 0.34190791845321655, -0.4277969002723694, -0.05564537271857262, -0.030460599809885025, 1.9799076318740845, 0.21172548830509186, 0.24935895204544067, -0.007965761236846447, 0.3373674154281616, -0.028217799961566925, -0.9526776075363159, -0.3814780116081238], "bn": [-0.29526329040527344, 1.6903092861175537, -0.2724272310733795, 1.0276480913162231, 0.007493382785469294, 0.019975870847702026, 0.4005624055862427, -1.2394534349441528, 1.9206929206848145, 0.04885624349117279, -0.5177703499794006, 1.6831995248794556, -0.3970944881439209, -0.09127397835254669, 2.777737617492676, 0.5731261372566223]}