{"tpt": [-0.13976484537124634, 0.8094063401222229, -0.6509745121002197, 0.5716186165809631, -0.031062666326761246, -0.5535653829574585, -0.1314261257648468, -0.3213109076023102, 0.7125962972640991, -0.09299325197935104, -0.6677404046058655, 0.7060506939888, 0.024539198726415634, -0.7069472074508667, -0.6122777462005615, 1.9113848209381104], "hn": [-0.1469031572341919, 0.8749638199806213, -0.5862826108932495, 1.3431265354156494, 0.3211849629878998, 0.3350711166858673, -0.003199998289346695, -1.3152108192443848, 1.678466796875, -0.6874531507492065, -0.2722984552383423, 0.3999760150909424, 0.08098864555358887, -0.805733323097229, 0.31651273369789124, 0.6922670602798462], "tbn": [-0.5418611764907837, 0.7424457669258118, -0.6609041094779968, 1.6607922315597534, 0.4094921946525574, -0.5376248359680176, 0.1615762710571289, -0.7796212434768677, 1.2492189407348633, -0.8865677118301392, -0.6653359532356262, 1.1227457523345947, -0.7437344789505005, -0.42584580183029175, 0.7152575254440308, 0.4741373658180237], "tba": [-0.06166242063045502, -0.10363045334815979, -0.7092673182487488, 0.03189241141080856, -0.0879107266664505, 1.6928726434707642, 0.6514425873756409, -1.648979663848877, 0.5092666149139404, -0.5225244760513306, -0.2843910753726959, 0.22119642794132233, -1.5894076824188232, -0.8390952944755554, 1.0325946807861328, 0.4226793944835663]}