{"tpt": [0.30205869674682617, 0.5335663557052612, -1.1339201927185059, 0.8003336191177368, -0.1331057995557785, -0.6472207307815552, -0.18141691386699677, -0.5172590613365173, 0.8865878582000732, 0.038886502385139465, -1.0813000202178955, 1.2996094226837158, 0.21694135665893555, -0.07821667939424515, -1.737943172454834, 3.1701788902282715], "hn": [-0.30408594012260437, -0.12214924395084381, -0.1110459491610527, 2.3010199069976807, 0.2725558280944824, 0.7702834010124207, 0.5252537727355957, -1.042533278465271, 3.0016894340515137, -0.7587081789970398, -0.0012023597955703735, 1.2129151821136475, 1.4786763191223145, -0.8064926862716675, 0.327728807926178, 0.4370538592338562], "tbn": [-0.3160845637321472, 1.6337641477584839, -0.5639998912811279, 2.749471664428711, 0.2267119288444519, -1.5469602346420288, 0.46631601452827454, 0.20345376431941986, 0.8903527855873108, -1.168056607246399, -0.7205723524093628, 0.7763307690620422, -2.3656065464019775, -1.1879712343215942, 1.1882206201553345, -0.54646897315979], "tba": [-0.6575676202774048, 0.16304203867912292, -0.05729015916585922, -1.0803203582763672, -0.10600578039884567, 1.498131275177002, 0.31061410903930664, -3.1079893112182617, -0.4358484447002411, 0.2664259076118469, -0.6550123691558838, 0.08557523787021637, -2.0955111980438232, -0.7499852180480957, 2.366823673248291, -0.5413850545883179]}