{"vn": [0.174123153090477, 0.7417201399803162, 0.29125386476516724, -1.6624243259429932, 0.5670584440231323, -0.8352582454681396, -0.29356691241264343, -0.25307926535606384, -0.14144033193588257, -0.69511878490448, -0.26273852586746216, 0.5104845762252808, 1.7214525938034058, -0.0742456391453743, 0.32592129707336426, -0.7703838348388672], "va": [-0.2833346724510193, 0.6721597909927368, 0.06321488320827484, -2.3226284980773926, 0.334316611289978, -0.874401330947876, -0.1798679232597351, -0.292614609003067, 0.5270656943321228, -1.2025651931762695, 0.11746476590633392, 0.502646267414093, 0.5525332093238831, -0.07583094388246536, 0.22068066895008087, -0.8329075574874878], "vc": [0.1843704879283905, 0.13241645693778992, 0.2521601915359497, -1.9891512393951416, 0.7292755246162415, -0.8448245525360107, -0.05519314855337143, -1.8672364950180054, 0.3239140808582306, -0.6808359622955322, 0.0995490774512291, -0.1940304934978485, -0.47302377223968506, 0.1106800064444542, 0.3135051429271698, -0.5327726602554321]}